name,author,price,original price
confused loading cat sticker Sticker,The Kiwi Store,$2.51,$2.78
Everything’s good cat Sticker,Ivanna Baca,$2.51,$2.78
Did The Thing Anyway Pink Sticker,Me And The Moon,$3.34,$3.71
Hand Drawn Monsters Crying Sketch Classic T-Shirt,ValueShop3,$17.54,$25.06
Crying Dawson Sticker,aelmz,$2.72,$3.02
Sad Princess Cat Magnet,drugues,$7.97,$9.38
I cry a lot Sticker,Iva Dedijer,$2.51,$2.78
kim k crying Sticker,elledixon,$2.51,$2.78
screaming cat meme (set 1) pack Sticker,mooneko,$3.01,$3.34
Chibi Jude Bellingham Crying and Erling Haaland Sticker Sticker,salomeydraws,$2.51,$2.78
doing o-kay Sticker,muddycatpaws,$2.51,$2.78
Sad Hamster Sticker,sandza,$2.51,$2.78
Trippy Crying Girl  Sticker,Drew Smith,$2.82,$3.13
only cried a little Sticker,weirdlyaccurate,$4.18,$4.64
crying over fictional characters pink tissue box Sticker,catdiasart,$2.51,$2.78
Elliot Reid Scrubs Cries Sticker,dundermifflin96,$2.51,$2.78
Employees must stop crying Sticker,Soll-E,$3.24,$3.60
Delirium Skull Creature Classic T-Shirt,unifaith22,$19.00,$27.14
Did The Thing Anyway Sticker,Me And The Moon,$3.34,$3.71
banana cat Sticker,abbex,$2.51,$2.78
Crying Cat Croc Meme Sticker,bgsmall,$3.49,$3.87
Accomplishment stars - got out of bed Sticker,Dadusa,$2.51,$2.78
mao crying Sticker,maooo0,$3.13,$3.48
"Everything’s good cat, You got this Sticker",SMARTKIT  DESIGNAGENCY,$2.51,$2.78
My Knees Hurts | Crying Green Frog Classic T-Shirt,iristocat,$18.79,$26.83
Elegant Anime Girl Sticker – Cute Blushing Manga Character Sticker,MeowLoka ⭐⭐⭐⭐,$2.51,$2.78
Tobias Funke Crying Greeting Card,sophnug,$2.39,$2.81
funky man Sticker,so basically i'm baby,$2.40,$2.67
Crying of lot 49 - Thomas Pynchon - Trystero WASTE Sticker,maximumentropy,$2.51,$2.78
Ao3 Sticker Pack #3 Cotton Tote Bag,weightyghosts,$16.43,$18.25
Stop Honking! I'm crying to The Wreck of the Edmund Fitzgerald by Gordon Lightfoot bumper sticker/magnet Magnet,High Horse Goods,$11.98,$14.10
I am having a crisis possum word art Classic T-Shirt,snazzyseagull,$20.90,$29.86
crying cat . jpg Classic T-Shirt,so basically i'm baby,$20.47,$29.23
crying cat meme Sticker,lucianavee,$2.49,$2.76
Linger Car Bumper Sticker,gsill,$3.13,$3.48
"DND RPG Funny Critical failure: Crying is a free action, Natural one D20 dice. Poster",DungeonAtelier,$13.40,$15.76
this is who you are honking at sad hamster bumper Sticker,BUMPER-STICKERS,$3.66,$4.06
FNAF Psychic Friend Fredbear 8-bit Sticker,mattwilldo,$2.51,$2.78
sad hamster meme coquette  Sticker,thestrangerfrog,$2.51,$2.78
Meme Cats 2.0 iPhone Tough Case,How-Do-U-Art,$27.08,$36.11
Crying Chiikawa Sticker,trippyrabbit,$2.72,$3.02
my tummy hurts pink crying frog  Sticker,iristocat,$2.69,$2.98
cat crying meme Sticker,maeveh7,$2.51,$2.78
#phoebe bridgers crying Premium T-Shirt,dawnagker,$36.46,$52.09
cries in a cool way Sticker,QuoteSpirations,$4.70,$5.22
Having A Meltdown Logo Essential T-Shirt,JosetteGrondinn,$17.54,$25.06
ANGRY FUNNY DISAPPROVING CAT STICKER Sticker,The Kiwi Store,$2.51,$2.78
Crying Cat stickers Sticker,mmeatloaf,$2.51,$2.78
Beluga Cat Sticker,Beluga Cat,$2.51,$2.78
"crying over fictional characters tissue box - pink, blue, green, purple pack  Sticker",catdiasart,$2.51,$2.78
Accomplishment stars - SET Sticker,Dadusa,$2.51,$2.78
Cry Baby Sticker,Ashley Sloan,$2.51,$2.78
Cat Cry Meme Sticker,sowwea,$2.51,$2.78
Employees must stop crying before returning to work Sticker,PixMe,$2.93,$3.25
Pink Pop Art Crying Comic Girl Grief Canvas Print,Jane Ianniello,$77.99,$97.49
Tommy Bowe going through it  Sticker,Bella INBOOTS,$2.32,$2.58
Sister Michael - Do Not Come Crying to Me Classic T-Shirt,javvie,$16.96,$24.22
There's no crying in baseball - vintage design Sticker,Primotees,$2.50,$2.78
Nami's Berry eyes Sticker,989-,$3.64,$4.04
Trisha Paytas Crying Sticker,brockolii,$3.55,$3.94
Notice: Employees must stop crying before returning to work Sticker,FASLab,$2.72,$3.02
Stardew Valley el gato Sticker,Lecksi-,$3.13,$3.48
crying over fictional characters purple tissue box Sticker,catdiasart,$2.51,$2.78
screaming cat Sticker,harajokeu,$3.13,$3.48
Katseye Crying Hamster  Sticker,faraway_aku,$2.51,$2.78
Crying Cat Thumbs Up Meme Sticker,DesignColler,$2.51,$2.78
Pedro Pascal Laughing Crying Meme Sticker,ninacollages,$3.13,$3.48
Dungeon Boss Gate Classic T-Shirt,unifaith22,$19.00,$27.14
Blushing Anime Girl – Respond Again Sticker Sticker,MeowLoka ⭐⭐⭐⭐,$2.51,$2.78
Chopper Crying Sticker,Diyanggostyle,$5.22,$5.80
Having A Meltdown Funny Cartoon Movie Classic T-Shirt,modoodles357,$19.14,$27.33
I'm pretty cool but i cry a lot Sticker,asymmetrickid,$3.03,$3.36
F1 Driver meme Sticker,TheGrandShopp,$2.30,$2.55
catswithhardhats Crying Inside Meme Sticker,vechone,$2.82,$3.13
funny cat sticker Sticker,The Kiwi Store,$2.51,$2.78
Flork Breakdown 2 Sticker,Nostalgia Zone,$2.51,$2.79
Crying Heart Painting Poster,gia.eva.art,$14.47,$17.02
crying over fictional characters blue tissue box Sticker,catdiasart,$2.51,$2.78
Sad boy Sticker,muddycatpaws,$2.51,$2.78
Crying baby Essential T-Shirt,imposibear,$16.81,$24.01
Learning Manual If I Stall Or Roll Pls Don't Honk I'll Cry Funny Car Meme Bumper Sticker,Darling Shop,$3.97,$4.41
Heated rivalry Montreal metros Premium Oversized Sweatshirt,Sophieonpluto,$39.79,$56.84
Crying froggy Sticker,nichoe-val,$2.51,$2.78
Crying is a Free Action Funny Quote D20 Dice Essential T-Shirt,pixeptional,$18.16,$25.93
onion role reversal Classic T-Shirt,louros,$17.54,$25.06
Isaac Face Mosaic Classic T-Shirt,unifaith22,$19.00,$27.14
Crying Isaac Sticker,NuGamingMerch,$2.51,$2.78
I Need Space.. For More Plants! Classic T-Shirt,turddemon,$17.54,$25.06
No Crying Sticker,SassyShop,$3.66,$4.06
Do Not Honk At Me My Life Is Worthless I Will Kill Us Both Bumper Sticker,fanky-bumper,$3.66,$4.06
Crying Man Reaction Meme Sticker,ExistenceMode,$2.72,$3.02
Shinji Crying Pin,RocketShots,$3.28,$4.09
Kim Kardashian Crying Cry Samsung Galaxy Soft Case,Agathe Bonnafous,$17.76,$23.68
Please Don't Honk At Me I'm Probably Already Crying Sticker,stickersworld31,$3.76,$4.18
Keith - The Great Pottery Throw Down Greeting Card,KwokArts,$2.69,$3.16
Kim K Crying Sticker Sticker,BillNyeIsDope,$2.82,$3.13
anya crying  Sticker,penju,$2.59,$2.88
I Let It All Wash Away With My Tears – Crying Eye Art Sticker,The Kawaii Forge,$2.30,$2.55
the situation crying Sticker,pnkrose,$3.03,$3.36
raccoon pope Sticker,artist-toes,$2.51,$2.78
If You See Someone Crying Essential T-Shirt,Chris  Bradshaw,$17.54,$25.06
Feeling Lost Postcard,spiralseeker59,$1.95,$2.29
Sadness Quote Sticker,slvtherin,$2.51,$2.78
crying angel Sticker,xoxbabydollxox,$2.51,$2.78
Pop She Chose Grammar Art Print,Corbin Hunsaker,$29.22,$34.38
Crying Cat Meme Pack funny cats Sticker,Ozzy Meme ⭐⭐⭐⭐⭐,$2.51,$2.78
Crying Vintage Paper Moon Sticker,RoseoftheWild,$2.72,$3.02
Crying Mance Spray Classic T-Shirt,RebecaHolton,$19.30,$27.56
I love crying Sticker,muchhappier,$2.72,$3.02
Dog - feral pack Sticker,smthfckr,$2.82,$3.13
Shinji Ikari Classic T-Shirt,Stiff Smile,$19.00,$27.14
crying cat in a croc Sticker,mykaylaanne,$2.51,$2.78
taylor armstrong and kyle richards  Sticker,pnkrose,$3.03,$3.36
Kim kardashian crying Sticker,kiaraxacevedox1,$2.51,$2.78
Crying Girl Lightweight Hoodie,Trashuniverse,$43.27,$54.10
Crying Keith Classic T-Shirt,Skinny Bob,$17.54,$25.06
The Crying of Lot 49 - Trystero Muted Post Horn Sticker,Talierch,$2.45,$2.72
Crying boy cursed painting.  Poster,Princifer,$17.15,$20.18
Mikasa eyes Sticker,jacckeyyc,$2.51,$2.78
I’m Gonna Do It Okay But Just Let Me Cry First Sticker,SassCity,$2.51,$2.78
crying cat anki meme in pink Sticker,baananaahs,$3.13,$3.48
Spandam Crying Like a Loser Sticker,Eustass-Thamart,$2.51,$2.78
Cries in Spanish  Sticker,Bevins Designs,$2.51,$2.78
Crying In The Walk-In — Chef Shirts Sticker,itsachefthing,$2.51,$2.78
Heavy Heart Sticker,gia.eva.art,$2.82,$3.13
Mood Sticker,Larisa DePalma,$2.51,$2.78
crying over fictional characters green tissue box Sticker,catdiasart,$2.51,$2.78
Brendan Fraser Crying  Sticker,Richard Hunter,$2.51,$2.78
Theres No Crying In Baseball | ⭐⭐⭐⭐⭐ Premium Oversized Sweatshirt,Borzasi,$39.79,$56.84
crying cat sticker Sticker,The Kiwi Store,$2.51,$2.78
Down Bad - TTPD Sticker,mgkreatives,$2.51,$2.78
Crying Heart Tattoo Sticker,wyrmsfornerves,$2.51,$2.78
I'd Rather Be Crying To Enya Bumper Sticker,Darling Shop,$3.97,$4.41
"Two Cats Talking Meme, Cat Meme, Funny Cat Sticker",FloraPlantTees,$5.43,$6.03
cool sunglasses cat sticker Sticker,The Kiwi Store,$2.51,$2.78
Maybe my existence might be by design Sticker,BreadIsGay,$2.51,$2.78
Heated rivalry Sticker,Sophieonpluto,$3.13,$3.48
Trystero Essential T-Shirt,Idiot Zone,$17.05,$24.35
mao crying Sticker,maooo0,$3.13,$3.48
"Human Resource Workers Gift , HR Office Gift Essential T-Shirt",majidkacm,$16.81,$24.01
Sailor moon crying  Sticker,eig,$2.51,$2.78
Crying Is Cool Sticker,Chloe J Letters,$3.76,$4.18
The binding os isaac Art Jigsaw Puzzle,FeelTheDrawing,$31.26,$39.07
Blonde Crying Comic Girl Sticker,turddemon,$2.51,$2.78
Pop Whatever... Art Print,Corbin Hunsaker,$29.22,$34.38
FCC Crystal Crying Constantly Sticker,seetheceiling,$2.51,$2.78
skeleton crying Sticker,jhuizar,$2.51,$2.78
"Someone's gonna end up crying, probably me Sticker",becca21,$2.57,$2.85
cute cat sticker Sticker,The Kiwi Store,$2.51,$2.78
Watering the flower Classic T-Shirt,bringodesign,$16.08,$22.97
I know way too much about FNAF Lore Sticker,LittleDollGames,$2.56,$2.84
I need to take a shower so I can't tell if I'm crying or not. Sticker,despair-,$2.51,$2.78
Crybaby Sticker,Me And The Moon,$3.13,$3.48
ENOUGH ABOUT MY RACIST PAST | LETS DISCUSS MY RACIST FUTURE | SAUL GOODMAN Essential T-Shirt,Hunters11,$17.54,$25.06
Dali Crying Eye Classic T-Shirt,rauthom3,$17.54,$25.06
Crying Man Sticker,WylDesigns,$2.32,$2.58
Crying Child and Fredbear Plush Sticker,tavi bahama,$2.51,$2.78
JFK crying: Clone High Sticker,Larknado,$2.19,$2.44
I'd rather be crying to Enya Sticker,AshOakMaple,$2.51,$2.78
My Back Hurts Shrimp Sticker,Freckled Frog Studio,$2.49,$2.76
crying over fictional characters pink and purple tissue box pack  Sticker,catdiasart,$2.51,$2.78
Employees Must Stop Crying Before Returning To Work Premium Oversized Hoodie,TypeRiotStudio,$41.40,$69.00
Cute Crying Face Minimalist Doodle Sticker,somimalikkk,$2.30,$2.55
Crying Eyes Wiping Tears Aesthetic Art Sticker,MH Digital Studio,$2.51,$2.78
Derry Girls Quote - Do not come crying to me  Baseball Cap,EagleFang101,$20.08,$25.09
World's Best Tickle Torturer Sticker,Meg McCombs,$2.51,$2.78
Colors/Black Screaming Thurston Meme Cat Sticker,Thurstonwaffles,$2.19,$2.44
American McGee's Alice Madness Returns Sticker,never2dark2play,$2.51,$2.78
Kasane Teto: Liar Dancer Sticker,TL_Pebbles,$3.34,$3.71
Baby Mute Button Short Sleeve Baby One-Piece,bouncebaby,$20.94,$26.18
kendall roy crying Essential T-Shirt,OrianaRoxanaty,$19.00,$27.14
Did The Thing Anyway Green Sticker,Me And The Moon,$3.34,$3.71
KIM KARDASHIAN Sticker,CHINATOWNMARKET,$2.72,$3.01
Crybaby Crying Again - Brown Bear - Popmart Sticker,penny555,$3.13,$3.48
"Fine, I'll go Sticker",JadeKaz,$2.51,$2.78
Lonely Spaceman Classic T-Shirt,jackteagle,$17.54,$25.06
Cat Selfie With Alien UFO Cute Cat Gifts Oversized T-Shirt,BASKF,$21.00,$30.00
Nothin' Like Crying Gift For Men and Women Classic T-Shirt,ShaunaCreveling,$17.54,$25.06
happy meal cat Sticker,hotdogging,$2.51,$2.78
crying cat pack  Sticker,crazylazygirl,$2.82,$3.13
Go Around Me I'm Crying Funny Car Bumper Sticker,Fleyshop,$3.66,$4.06
Gogo Yubari Glitch  Sticker,STILLBIRTH,$2.82,$3.13
Crying Spandam Sticker,PatiSilence,$2.51,$2.78
Dropped Popsicle  Magnet,Osokooma,$7.19,$8.46
"Wish I Hadn't Cried So Much, Alice in Wonderland Sticker",12jadis12,$2.72,$3.02
anya taylor joy crying coquette Sticker,blondiefan,$2.51,$2.78
Lewis Hamilton Ferrari crying rat sticker Sticker,lemonthings,$2.51,$2.78
Tears of Melancholy Graphic T-Shirt,kdhill,$23.62,$31.50
Please Let Me Merge Before I Start Crying - Funny Possum Bumper Sticker Sticker,Ssimo30,$3.76,$4.18
Sad window file Premium Oversized Hoodie,coa6ulasol7e,$43.06,$71.76
Ok Boomer Meme Sticker,bgsmall,$3.49,$3.87
Radiator Hospital- Something Wild Sticker,abbycharron,$2.51,$2.78
Blood crying Statue of Liberty Sticker,URGlden,$2.51,$2.78
FUNNY CUTE STANDING CAT KITTEN STICKER Sticker,The Kiwi Store,$2.51,$2.78
Golbin Crying Emote Boohoo Clash Royal Golbin  Essential T-Shirt,Blukus ⭐⭐⭐⭐⭐,$15.50,$22.13
"I Cant Drive Funny Hamster Meme Shirt, Popular Meme Shirt, Viral Meme Shirt, Sad Hamster, Crying Hamster, Funny Hamster, Viral Hamster Shirt  Classic T-Shirt",Lunafy Design,$16.08,$22.97
if you yell at me I'm gonna cry jojo siwa tiktok Sticker,chloecreates-,$2.61,$2.90
Crying Emoji Funny Meme Sad Sticker,Aetha,$4.18,$4.64
Everything’s good cat meme Sticker,DreamBrushy,$2.40,$2.67
Cried but did the thing anyway red ~ Badge of honor Sticker,Ruxanda Yoru,$2.51,$2.78
Statue of Liberty crying Sticker,Red-forever,$2.51,$2.78
Please Let Me Merge Before I Start Crying Funny Bumper Sticker,fanky-bumper,$3.66,$4.06
Didn’t cry today - Adulting Award Sticker,steffernusse,$2.72,$3.01
SKULLPANDA - Lazy Panda Plush Doll Pendant - Popmart Classic T-Shirt,penny555,$18.27,$26.10
Celebrity Woman Crying Expressive Faces Classic T-Shirt,Sedramohamed25,$17.54,$25.06
Chris Classic T-Shirt,DFA,$19.74,$28.19
Brutalism streetwear crying face Funny Essential T-Shirt,MandiGifford,$17.54,$25.06
"Arrested Development Tobias Funke ""Sobbing"" Shower Curtain",Sarah Teigland,$71.87,$79.85
Minami 美波 373 Logo Essential T-Shirt,Mel-le,$17.54,$25.06
Emotional Damage By Fictional Characters Ticket Coupon Book Trope Sticker,BookWishEra,$5.22,$5.80
Sad Face Bandage Sticker,DM-VectorArt,$2.51,$2.78
cries in spanish Sticker,LU NA,$2.72,$3.02
Sad Hamster Another Day Another Slay Premium Oversized Sweatshirt,VerdePlantTees,$54.25,$77.51
Crying Over Fictional Characters - Pink Tissue Box Sticker,SunlitWhimsy,$2.43,$2.69
Crying cloud rain cute cartoon emotions sticker Sticker,faburu,$8.35,$9.28
Cry Over Spilled Milk (Purple) Sticker,Kimberly Sterling,$2.51,$2.78
Adulting sucks Classic T-Shirt,oneskillwonder,$19.00,$27.15
Having a Meltdown (2) Sticker,ArcherAshleyArt,$2.51,$2.78
Orange cat crying Sticker,Eckaa,$2.72,$3.02
Employee tears - Employees must stop crying Classic Mug,Soll-E,$15.46,$19.32
Crying pino Classic T-Shirt,cherylhowards,$17.54,$25.06
Sad Hampster Sticker,shlaboza,$2.92,$3.25
Worry Photographic Print,VibrantViv,$16.25,$19.12
Blonde Crying Comic Girl Sticker,turddemon,$2.51,$2.78
Dopamine: So sensitive Classic T-Shirt,isabelhyman,$17.54,$25.06
Why’s James Crying?  Premium Oversized Hoodie,GoatlantaDesign,$37.95,$63.25
Googly eyed thomas pynchon Essential T-Shirt,ToddRigley,$17.54,$25.06
still crying over Liam Mairi Sticker,jill-bennett,$2.51,$2.78
Life's Hard Crying Green Spiral Notebook,cubicleshields,$11.84,$13.93
crying banana cat Sticker,AlinaGil,$2.74,$3.04
Please Don't Honk At Me I'm Probably Already Crying Humor Meme Bumper Sticker,jojosign,$2.51,$2.78
Watermelon Cat Silly Cat Meme Sticker,FloraPlantTees,$5.43,$6.03
Wojak Pepe Sisyphus Meme  Classic T-Shirt,ASamArt,$17.54,$25.06
Beluga Cat Official Sticker,Beluga Cat,$2.51,$2.78
Sad FM Poster,grrrenadine,$12.86,$15.13
Just let me merge pls funny crying cat meme bumper sticker Sticker,BrontesWhimsyStore,$5.01,$5.57
Blue Hair Crying Comic Girl Sticker,turddemon,$2.51,$2.78
Didn't Cry Today Sticker,L Smith,$3.13,$3.48
Raffi is Gold Sticker,FallonDaria,$2.72,$3.02
Chinese Reaction Memes Sticker Pack Biaoqing Panda Reaction Image Panda Face meme China Wechat  Sticker,luckybeggar,$2.72,$3.01
Trisha Paytas Crying Classic T-Shirt,stickersbytay,$16.08,$22.97
SAD Sticker,ameliaablossom,$2.19,$2.44
do you want to start a book club? bubble message Sticker,catdiasart,$2.51,$2.78
Starco Reunion Sticker,celestial-art-,$2.51,$2.78
princess crying kitty cat meme Sticker,BrontesWhimsyStore,$3.34,$3.71
Marcel the Shell With Shoes On Crying Sticker,HombrePalido,$2.51,$2.78
Employees Must Stop Crying Before Returning To Work  Sticker,kolshi-shop,$2.51,$2.78
Blonde Crying Comic Girl Classic T-Shirt,turddemon,$17.54,$25.06
Crying Is Not An Emergency Sticker,BarkSeal9,$2.53,$2.81
Dawson Crying - Dawson Meme Sticker,Cute Alien,$3.97,$4.41
Rage Is Consuming Me Silly Staring Cat Meme Sticker,FloraPlantTees,$5.43,$6.03
F1 Driver meme Sticker,TheGrandShopp,$2.30,$2.55
Black Cat Selfie With Alien UFO Cute Cat Gifts Classic T-Shirt,BASKF,$17.40,$24.85
Sad Cat Meme Classic T-Shirt,katikat,$18.27,$26.10
sucker punch swirl design Sticker,★ Autumn and Elworthy  ★,$2.51,$2.78
Red Lipstick Comic Girl Canvas Print,turddemon,$71.99,$89.99
"Celestial Black and purple Cat cry , cat crying  Sticker",DEVINE-PIXELZ,$6.47,$7.19
Little Miss Cries Whe She's Mad Sticker,Northernish-Co,$2.61,$2.90
Elvis Presley Crying Over Something That Happened in 1977 Sticker,epstuckonyou,$3.13,$3.48
Having A Meltdown Funny Cartoon Movie Apron,proctorhaivette,$20.84,$26.05
Arcturus  Sticker,bluejayknits,$3.24,$3.60
George Russell Mercedes crying rat sticker Sticker,lemonthings,$2.61,$2.90
Humbug Cassette Tape Sticker,2009fordfiesta,$2.51,$2.78
Julien Baker 1 Essential T-Shirt,StoreArtPoofs,$21.20,$30.28
Chinese reaction memes biaoqingbao sticker pack 2 panda Reaction Image meme China Wechat Sticker,luckybeggar,$2.72,$3.01
Please Don't Honk At Me I'm Probably Already Crying Sticker,stickersworld31,$3.76,$4.18
"""crying on my kitchen floor (again)"" Classic T-Shirt",Alyssa Kindick,$17.54,$25.06
Groovy Silhouette Crying Face Essential T-Shirt,JakBeatty,$20.47,$29.23
music makes me feel things Sticker,vonKowen,$2.82,$3.13
Chinese reaction memes biaoqingbao sticker pack panda Reaction Image meme China Wechat Sticker,luckybeggar,$2.72,$3.01
Isaac Face Mosaic Classic T-Shirt,unifaith22,$19.00,$27.14
Dungeon Boss Gate Classic T-Shirt,unifaith22,$19.00,$27.14
Julien Baker Essential T-Shirt,StoreArtPoofs,$21.20,$30.28
Cremation is my Last Hope For a Smoking Hot Body Classic T-Shirt,happycapyprints,$19.00,$27.14
Wei Wuxian Mo Dao Zu Shi MDZS crying on the floor Sticker,cyralavy,$2.51,$2.78
Hand Drawn Monsters Crying Sketch Classic T-Shirt,ValueShop3,$17.54,$25.06
Shin Ha-Ri Kim Se-jeong  Funny Face Business proposal Sticker Sticker,Sheetalkukadiya,$2.30,$2.55
Chibi Jude Bellingham Crying and Erling Haaland Sticker Sticker,salomeydraws,$2.51,$2.78
sucker punch sigrid line drawing Sticker,★ Autumn and Elworthy  ★,$2.51,$2.78
i cry at concerts Sticker,whiitneymariie,$2.86,$3.18
Golbin Crying Emote Boohoo Clash Royal Golbin Meme Sticker,DorisBrady1,$2.51,$2.78
Blushing Brown Hair Anime Girl – Cute Kawaii Fashion Sticker Sticker,MeowLoka ⭐⭐⭐⭐,$2.51,$2.78
Elegant Anime Girl Sticker – Cute Blushing Manga Character Sticker,MeowLoka ⭐⭐⭐⭐,$2.51,$2.78
Party Crying Sticker,sourcandykitty,$2.30,$2.55
Blushing Anime Girl – Respond Again Sticker Sticker,MeowLoka ⭐⭐⭐⭐,$2.51,$2.78
I got my ears pierced Sticker,fancyvoid,$2.72,$3.02
Crying Pedro Pascal Sticker,RobynYourHeart,$2.82,$3.13
THERE'S NO CRYING IN BASEBALL Sticker,Hannah  Rogers,$2.72,$3.02
No Crying  Sticker,unionpride,$2.51,$2.78
You let me merge question? Cute Bumper Sticker,Bumper Shop,$4.18,$4.64
Please Let Me Merge Before I Start Crying Funny Bumper Meme Sticker,austeshop,$3.66,$4.06
Kylian Mbappé and Crying Michael Olise Chibi Sticker Sticker,salomeydraws,$2.51,$2.78
white cat alone on a roof Sticker,queenlypirate,$2.72,$3.02
Trisha Paytas sticker Sticker,ellymcdonald,$2.74,$3.04
Weepies Gotta Have You Lyric Classic T-Shirt,well0kthen,$15.35,$21.92
Charlotte crying  Sticker,Alyssa67,$2.51,$2.78
there's no crying in calculus Sticker,lizieisenmann,$2.93,$3.25
RMS Carpathia and Carnations   Sticker,PoppyAndGingko,$3.34,$3.71
Oliver tree Sticker,Shresart ✨,$2.49,$2.76
smug but crying inside wojak mask meme Sticker,ZentropyArt,$2.82,$3.13
Whiny!! Sticker,outofsin,$2.82,$3.13
Joji Ballads Sticker,bribrio,$2.51,$2.78
Liberty Sticker,Underdott,$2.40,$2.67
Sad Waffle Sticker,Nedpool-,$2.72,$3.01
cat potato Sticker,so basically i'm baby,$2.40,$2.67
cry baby metal band logo Dad Hat,friendlycoronerstore,$24.65,$27.39
Sad Waffle Sticker,IamSare,$2.51,$2.78
Math Problems Sticker,Madison Trost,$2.93,$3.25
There Was an Old Woman Who Lived in a Shoe Sticker,PictureNZ,$2.71,$3.02
"""My Diet Plan: Make It to Lunch Without Crying - Funny Quote Design"" Sticker",mlbaker1803,$2.51,$2.78
beauty is terror whatever we call beautiful we quiver before it Canvas Print,Alter-Idem,$77.99,$97.49
I cry a lot but I am so productive Sticker,Letteredbylacey,$2.72,$3.02
Crying Shadow Sticker,maryvenom,$2.72,$3.02
Crying Deji Meme Classic T-Shirt,Trumpsyy,$19.00,$27.15
Please Let Me Merge Before I Start Crying Circle Bumper Sticker,Fleyshop,$3.66,$4.06
Lesbian Crying for a Sparrow Sticker,SharonTheFirst,$2.30,$2.55
Cried but did it Sticker,anuggra,$2.51,$2.78
for a moment i knew cosmic love ufo Sticker,AfterglowTradingCo,$2.51,$2.78
Pizza Duck Sticker,Annallissia,$3.13,$3.48
Mike The Situation Neckbrace Crying Sticker,amandakarram,$2.61,$2.90
Cute Crying Angry Face Doodle Anime Tears Expression Graphic Sticker,somimalikkk,$2.30,$2.55
Merlin and Arthur being dorks - Merthur -  Poster,IvyNight,$12.86,$15.13
Kim K Crying Face Classic T-Shirt,Madison Michele,$19.00,$27.14
Elnina Crying Sticker,Cheesefather,$2.51,$2.78
Somebody's crying Sticker,eithden,$6.58,$7.31
ugly crying kim meme Sticker,Splendid Scibbles,$5.22,$5.80
cat meme face | funny cat iPhone Tough Case,jassine11,$28.21,$37.61
CRYING CAT eating french fry - crying cat meme twitter meme  Sticker,wewo ewo,$3.03,$3.36
Mexican guy crying Sticker,rado-merch,$3.24,$3.60
Triceratops crying Sticker,CheylaDesigns,$2.51,$2.78
Crying in Renaissance Classic T-Shirt,hecatta,$17.54,$25.06
I frew up | crying green frog  Sticker,iristocat,$2.69,$2.98
Crying Heart Sticker,Patricia Sullivan,$2.61,$2.90
cries in EMT Sticker,julietwint,$2.51,$2.78
"Crying Cat Pack, Pack of 6 Meme Crying Cat , for cat lovers, meme lovers Throw Pillow",Stevenobinsun,$17.50,$21.88
twisted and deranged 2 Essential T-Shirt,wilhelmmontes,$16.81,$24.01
"""Banana Cat Gif"": cut banana cat funny  Sticker",Obinne,$2.53,$2.80
Neon Genesis Evangelion - Shinji Crying Essential T-Shirt,Fayzun,$17.54,$25.06
Meme Cats 3.0 Desk Mat,How-Do-U-Art,$33.26,$41.58
Rich Brian Crying Selfie Premium Oversized Hoodie,flynnsakell,$46.58,$77.63
Crying Laughing Emoji Sticker! Sticker,ThatFattGamer,$2.51,$2.78
Ugly Kim Crying Face iPhone Tough Case,Viv G,$40.63,$54.16
The Crying Boy Sticker,Carocas20,$2.30,$2.55
crying white cat Sticker,CleverJane,$2.51,$2.78
Traditional Crying Clown  Sticker,Lyndseyhoganxo,$2.51,$2.78
i love crying Sticker,carlyrae08,$2.72,$3.02
Japanese Lady yelling at cat meme Sticker,CarolinClark,$6.27,$6.96
Someone's Gonna End Up Crying...Probably Me! Sticker,ohclementine,$2.51,$2.78
Not Even The Makeup Can Hide It Sticker,ShadowiesArt,$2.30,$2.55
middle finger cat Sticker,CatDealer,$2.51,$2.78
crying peace sign emoji Sticker,cam-michaud,$3.66,$4.06
Black Hair Crying Comic Girl Coasters (Set of 4),turddemon,$15.40,$18.11
little miss feels like crying today little miss funny tshirt for women Classic T-Shirt,estheticianart,$17.62,$25.16
Crying over fictional characters  Sticker,PollysProjects,$2.51,$2.78
Woman Yelling at Cat Meme - Ukiyo-e style Sticker,CarolinClark,$6.27,$6.96
[head explodes] Sticker,so basically i'm baby,$2.40,$2.67
Crying Over Fictional Characters Sticker,stephenflashart,$2.51,$2.78
Did The Thing Without Crying Sticker,Me And The Moon,$3.34,$3.71
Crying Breakfast Friends Sticker,IamSare,$2.51,$2.78
Crying Lightning / Electric eye Sticker,skeletv,$2.51,$2.78
Crying to Midwest Emo Sticker,Han S.,$2.30,$2.55
Screaming Crying Sad Cat Sticker,agentcake,$2.51,$2.78
Sad Cat Sticker,karmabees,$2.51,$2.78
"Crying Cat Microphone Meme - Crying Cat Meme Crying Cat Microphone Meme, Cat Meme, Crying Cat , Crying Cat Speech Sticker",CaptianCringe,$2.51,$2.78
Crying liberal Sticker,Madeline-13,$3.13,$3.48
Meme Cats 2.0 Throw Blanket,NAIKA1,$46.83,$55.09
neil banging out the tunes Classic T-Shirt,so basically i'm baby,$20.47,$29.23
"Crying Cat Chip Meme - Crying Cat Meme Crying Cat Chip Meme, Cat Meme, Crying Cat, Crying Cat Eating Sticker",CaptianCringe,$2.51,$2.78
Crying Hayley Classic T-Shirt,yunamaliskova,$19.59,$27.98
crying but still trying Sticker,inheartsxtay,$2.30,$2.55
crying baked potato cat Sticker,citrea,$2.51,$2.78
my back hurts | pink worm Sticker,iristocat,$2.69,$2.98
twisted and deranged Essential T-Shirt,wilhelmmontes,$16.81,$24.01
NO CRYING IN AIRSOFT Classic T-Shirt,klibre6,$17.54,$25.06
Kim Krying Sticker,OricnsBelt,$2.61,$2.90
The Four Horsemen of the Apawcalypse Art Board Print,josieeeeec,$13.41,$15.77
Is mystery man with paper bag on his head Mr. Pynchon? Sticker,Marcin Szmandra,$2.51,$2.78
Tiktok Crying Chihuahua  Sticker,aquajacky,$2.51,$2.78
Triceratops crying Sticker,CheylaDesigns,$2.51,$2.78
crying and sad Sticker,muddycatpaws,$2.51,$2.78
Crying Cloud Sticker,gia.eva.art,$2.82,$3.13
Fake Crying Scream Queens Sticker,ltevidence,$3.13,$3.48
brb crying Sticker,PatchMerch,$2.61,$2.90
Isaac from The Binding of Isaac Sticker,bunnyfishing,$2.19,$2.44
Sad hamster meme Sticker,Ratcatdoggg,$2.61,$2.90
Crying Man Oversized T-Shirt,jackteagle,$21.00,$30.00
crying tailgate Sticker,cole-doodles,$2.30,$2.55
Somebody's crying Sticker,eithden,$6.58,$7.31
No Crying Today! Sticker,art-by-gui,$4.01,$4.45
Crying cat sticker pack - Cat with microphone and cat with French fry Sticker,wewo ewo,$3.03,$3.36
jessica day: super chill meme Sticker,my-starco-life-,$3.24,$3.60
Darcey Crying  Sticker,k8illustr8s,$3.66,$4.06
Crying Cat Croc Meme Sticker,karlaminev2,$3.13,$3.48
Donald Trump (Made entirely of crying liberals) Poster,Atsird's Art,$12.86,$15.13
Trisha Paytas Crying Classic Mug,ConnieBC,$15.23,$19.03
dog screaming crying meme Sticker,georgiavsx,$2.51,$2.78
Crying cat meme Poster,Carou,$12.86,$15.13
Wild Women Don't Get the Blues Sticker,cowboyoccult,$2.51,$2.78
Please Let Me Merge Before I Start Crying Aesthetic Bumper Sticker,Fleyshop,$3.66,$4.06
Employees must stop crying Sticker,Fine Art California,$2.51,$2.78
Le chat Domestique Et Son Caractere Poster,angla vargzt,$13.94,$16.39
Crying Drake Sticker,pinksundays,$3.13,$3.48
Pastel Pink Sad Girl Sticker,turddemon,$2.51,$2.78
Mimimi Crying Goblin Clash Royale Throw Blanket,Adamarrington,$47.63,$56.03
waaah wahhhh boy Pin,Ribena-59p,$3.28,$4.09
bella hadid anxiety Sticker,loveletter100,$2.09,$2.32
I Love Crying Sticker,LF Store,$2.40,$2.67
crying cat with teddy bear Sticker,comababeyy,$2.51,$2.78
"GET OUT Tarot - Jordan Peele, 1 Sticker",meme-stuff,$2.51,$2.78
constant mood  Sticker,Wholesomefggt,$2.51,$2.78
Party Crying Sticker,sourcandykitty,$2.30,$2.55
Pizza Sticker,alissonc,$2.93,$3.25
"Crying Cat Microphone Meme (Black) - Crying Cat Meme Crying Cat Microphone Meme, Cat Meme, Crying Cat , Crying Cat Speech Poster",CaptianCringe,$12.86,$15.13
Down Bad (Crying at the Gym) Sticker,dmsmartin,$2.78,$3.09
Fat cat Sticker,artist-toes,$2.51,$2.78
Crying Cat Croc Meme  Classic T-Shirt,LuckyBoutique,$18.42,$26.31
STEM Student Meme Premium Oversized Sweatshirt,swankyswamprat,$50.55,$72.21
crying cat sticker pack - cat sushi and hello kitty cat Sticker,wewo ewo,$3.03,$3.36
Banksy Classic T-Shirt,LeoZitro,$18.27,$26.10
Crying Kim Kardashian All Over Print Tote Bag,ValentinaHramov,$27.32,$30.36
Everything Hurts | Crying Green Frog with Bandage Sticker,iristocat,$2.69,$2.98
cries in French  Sticker,theashleymac,$2.72,$3.02
CRYING IS A FREE ACTION Classic T-Shirt,BrightShaw,$17.54,$25.06
Crying Kim Kardashian Samsung Galaxy Soft Case,ValentinaHramov,$19.98,$26.64
Shrek Crying Meme Sticker,chelseated,$2.51,$2.78
Literally Crying  Short Sleeve Baby One-Piece,nileniley,$24.75,$30.94
crying relieves bread Essential T-Shirt,rachidkams,$16.81,$24.01
Woman Yelling at Cat meme Classic T-Shirt,TheSweven,$17.54,$25.06
Crying croc cat  Sticker,Ivanna Baca,$2.51,$2.78
Please Let Me Merge Before I Start Crying Circle Bumper Pink Sticker,Fleyshop,$3.66,$4.06
overwhelmed ferg Sticker,TeaBag114,$2.93,$3.25
Crying Virgin Sticker,MelterSkelter,$2.51,$2.78
Crying cat  Sticker,Ivanna Baca,$2.51,$2.78
Jerma crying  Sticker,Galabruh,$4.18,$4.64
Loading cat  Sticker,Ivanna Baca,$2.51,$2.78
There's no crying in calculus. Sticker,studiousmage,$3.24,$3.60
Kardashian's Crying Collage  Classic T-Shirt,rainyrainbow,$19.00,$27.15
Garf crying Sticker,Tokoissick,$3.97,$4.41
Sad Apple Sticker,Nedpool-,$2.72,$3.01
Interstellar Crying Sticker,reelcanvas,$2.30,$2.55
Sadboy Heart Sticker,LEEX337,$3.13,$3.48
"Sorry, I'm late. I was crying in the bathroom Sticker",beanmars,$2.19,$2.44
Crying heart Sticker,loria.design,$2.30,$2.55
Crying Kim Kardashian All Over Print Tote Bag,ValentinaHramov,$27.32,$30.36
Banana Cat Crying Meme Sticker,stersabriz,$2.53,$2.81
There's No Crying in the Circle Sticker,jojo-m,$2.51,$2.78
Retro Abstract Crying Woman -Vintage Comic Pop-art -Pink and Purple Magenta  Sticker,Mitch616Art,$3.13,$3.48
Crying Drake Oversized T-Shirt,Jennifer Adair,$21.00,$30.00
Crying Cat with Thumbs Up  Sticker,Theninjasbro,$2.72,$3.01
sad potato cat with butter Classic T-Shirt,CleverJane,$17.54,$25.06
